IP地址,浏览地址,浏览时间
﻿192.168.31.205,/login,2022-09-25 00:12:43.530375
﻿192.168.31.205,/login,2022-09-25 00:12:55.366508
﻿192.168.31.205,/login,2022-09-25 01:04:31.978456
﻿192.168.31.205,/login/dowload,2022-09-25 01:04:34.431980
﻿192.168.31.205,/login,2022-09-25 01:05:07.439961
﻿192.168.31.205,/login/dowload,2022-09-25 01:05:09.362725
﻿192.168.31.224,/login,2022-09-25 01:05:38.788261
﻿192.168.31.224,/login/dowload,2022-09-25 01:05:39.982598
﻿192.168.31.224,/login,2022-09-25 01:06:49.446377
﻿192.168.31.224,/login/dowload,2022-09-25 01:06:50.718533
